idclient;numfacture;nb articles;totalHT;tva
123;F12;5;42.25;10.5625;
234;F23;0.5;74.623;18.65575;
234;F11;0.5;24.875;6.21875;
234;D08;0.5;69.65;17.4125;
132;F05;5;98.925;24.73125;
